[
    {
        "code": "AF",
        "name": "Afghanistan",
        "i": 0
    },
    {
        "code": "AX",
        "name": "Aland Islands",
        "i": 1
    },
    {
        "code": "AL",
        "name": "Albania",
        "i": 2
    },
    {
        "code": "DZ",
        "name": "Algeria",
        "i": 3
    },
    {
        "code": "AS",
        "name": "American Samoa",
        "i": 4
    },
    {
        "code": "AD",
        "name": "Andorra",
        "i": 5
    },
    {
        "code": "AO",
        "name": "Angola",
        "i": 6
    },
    {
        "code": "AI",
        "name": "Anguilla",
        "i": 7
    },
    {
        "code": "AQ",
        "name": "Antarctica",
        "i": 8
    },
    {
        "code": "AG",
        "name": "Antigua And Barbuda",
        "i": 9
    },
    {
        "code": "AR",
        "name": "Argentina",
        "i": 10
    },
    {
        "code": "AM",
        "name": "Armenia",
        "i": 11
    },
    {
        "code": "AW",
        "name": "Aruba",
        "i": 12
    },
    {
        "code": "AU",
        "name": "Australia",
        "i": 13
    },
    {
        "code": "AT",
        "name": "Austria",
        "i": 14
    },
    {
        "code": "AZ",
        "name": "Azerbaijan",
        "i": 15
    },
    {
        "code": "BS",
        "name": "Bahamas",
        "i": 16
    },
    {
        "code": "BH",
        "name": "Bahrain",
        "i": 17
    },
    {
        "code": "BD",
        "name": "Bangladesh",
        "i": 18
    },
    {
        "code": "BB",
        "name": "Barbados",
        "i": 19
    },
    {
        "code": "BY",
        "name": "Belarus",
        "i": 20
    },
    {
        "code": "BE",
        "name": "Belgium",
        "i": 21
    },
    {
        "code": "BZ",
        "name": "Belize",
        "i": 22
    },
    {
        "code": "BJ",
        "name": "Benin",
        "i": 23
    },
    {
        "code": "BM",
        "name": "Bermuda",
        "i": 24
    },
    {
        "code": "BT",
        "name": "Bhutan",
        "i": 25
    },
    {
        "code": "BO",
        "name": "Bolivia",
        "i": 26
    },
    {
        "code": "BA",
        "name": "Bosnia And Herzegovina",
        "i": 27
    },
    {
        "code": "BW",
        "name": "Botswana",
        "i": 28
    },
    {
        "code": "BV",
        "name": "Bouvet Island",
        "i": 29
    },
    {
        "code": "BR",
        "name": "Brazil",
        "i": 30
    },
    {
        "code": "IO",
        "name": "British Indian Ocean Territory",
        "i": 31
    },
    {
        "code": "BN",
        "name": "Brunei Darussalam",
        "i": 32
    },
    {
        "code": "BG",
        "name": "Bulgaria",
        "i": 33
    },
    {
        "code": "BF",
        "name": "Burkina Faso",
        "i": 34
    },
    {
        "code": "BI",
        "name": "Burundi",
        "i": 35
    },
    {
        "code": "KH",
        "name": "Cambodia",
        "i": 36
    },
    {
        "code": "CM",
        "name": "Cameroon",
        "i": 37
    },
    {
        "code": "CA",
        "name": "Canada",
        "i": 38
    },
    {
        "code": "CV",
        "name": "Cape Verde",
        "i": 39
    },
    {
        "code": "KY",
        "name": "Cayman Islands",
        "i": 40
    },
    {
        "code": "CF",
        "name": "Central African Republic",
        "i": 41
    },
    {
        "code": "TD",
        "name": "Chad",
        "i": 42
    },
    {
        "code": "CL",
        "name": "Chile",
        "i": 43
    },
    {
        "code": "CN",
        "name": "China",
        "i": 44
    },
    {
        "code": "CX",
        "name": "Christmas Island",
        "i": 45
    },
    {
        "code": "CC",
        "name": "Cocos (Keeling) Islands",
        "i": 46
    },
    {
        "code": "CO",
        "name": "Colombia",
        "i": 47
    },
    {
        "code": "KM",
        "name": "Comoros",
        "i": 48
    },
    {
        "code": "CG",
        "name": "Congo",
        "i": 49
    },
    {
        "code": "CD",
        "name": "Congo}, Democratic Republic",
        "i": 50
    },
    {
        "code": "CK",
        "name": "Cook Islands",
        "i": 51
    },
    {
        "code": "CR",
        "name": "Costa Rica",
        "i": 52
    },
    {
        "code": "CI",
        "name": "Cote D'Ivoire",
        "i": 53
    },
    {
        "code": "HR",
        "name": "Croatia",
        "i": 54
    },
    {
        "code": "CU",
        "name": "Cuba",
        "i": 55
    },
    {
        "code": "CY",
        "name": "Cyprus",
        "i": 56
    },
    {
        "code": "CZ",
        "name": "Czech Republic",
        "i": 57
    },
    {
        "code": "DK",
        "name": "Denmark",
        "i": 58
    },
    {
        "code": "DJ",
        "name": "Djibouti",
        "i": 59
    },
    {
        "code": "DM",
        "name": "Dominica",
        "i": 60
    },
    {
        "code": "DO",
        "name": "Dominican Republic",
        "i": 61
    },
    {
        "code": "EC",
        "name": "Ecuador",
        "i": 62
    },
    {
        "code": "EG",
        "name": "Egypt",
        "i": 63
    },
    {
        "code": "SV",
        "name": "El Salvador",
        "i": 64
    },
    {
        "code": "GQ",
        "name": "Equatorial Guinea",
        "i": 65
    },
    {
        "code": "ER",
        "name": "Eritrea",
        "i": 66
    },
    {
        "code": "EE",
        "name": "Estonia",
        "i": 67
    },
    {
        "code": "ET",
        "name": "Ethiopia",
        "i": 68
    },
    {
        "code": "FK",
        "name": "Falkland Islands (Malvinas)",
        "i": 69
    },
    {
        "code": "FO",
        "name": "Faroe Islands",
        "i": 70
    },
    {
        "code": "FJ",
        "name": "Fiji",
        "i": 71
    },
    {
        "code": "FI",
        "name": "Finland",
        "i": 72
    },
    {
        "code": "FR",
        "name": "France",
        "i": 73
    },
    {
        "code": "GF",
        "name": "French Guiana",
        "i": 74
    },
    {
        "code": "PF",
        "name": "French Polynesia",
        "i": 75
    },
    {
        "code": "TF",
        "name": "French Southern Territories",
        "i": 76
    },
    {
        "code": "GA",
        "name": "Gabon",
        "i": 77
    },
    {
        "code": "GM",
        "name": "Gambia",
        "i": 78
    },
    {
        "code": "GE",
        "name": "Georgia",
        "i": 79
    },
    {
        "code": "DE",
        "name": "Germany",
        "i": 80
    },
    {
        "code": "GH",
        "name": "Ghana",
        "i": 81
    },
    {
        "code": "GI",
        "name": "Gibraltar",
        "i": 82
    },
    {
        "code": "GR",
        "name": "Greece",
        "i": 83
    },
    {
        "code": "GL",
        "name": "Greenland",
        "i": 84
    },
    {
        "code": "GD",
        "name": "Grenada",
        "i": 85
    },
    {
        "code": "GP",
        "name": "Guadeloupe",
        "i": 86
    },
    {
        "code": "GU",
        "name": "Guam",
        "i": 87
    },
    {
        "code": "GT",
        "name": "Guatemala",
        "i": 88
    },
    {
        "code": "GG",
        "name": "Guernsey",
        "i": 89
    },
    {
        "code": "GN",
        "name": "Guinea",
        "i": 90
    },
    {
        "code": "GW",
        "name": "Guinea-Bissau",
        "i": 91
    },
    {
        "code": "GY",
        "name": "Guyana",
        "i": 92
    },
    {
        "code": "HT",
        "name": "Haiti",
        "i": 93
    },
    {
        "code": "HM",
        "name": "Heard Island & Mcdonald Islands",
        "i": 94
    },
    {
        "code": "VA",
        "name": "Holy See (Vatican City State)",
        "i": 95
    },
    {
        "code": "HN",
        "name": "Honduras",
        "i": 96
    },
    {
        "code": "HK",
        "name": "Hong Kong",
        "i": 97
    },
    {
        "code": "HU",
        "name": "Hungary",
        "i": 98
    },
    {
        "code": "IS",
        "name": "Iceland",
        "i": 99
    },
    {
        "code": "IN",
        "name": "India",
        "i": 100
    },
    {
        "code": "ID",
        "name": "Indonesia",
        "i": 101
    },
    {
        "code": "IR",
        "name": "Iran}, Islamic Republic Of",
        "i": 102
    },
    {
        "code": "IQ",
        "name": "Iraq",
        "i": 103
    },
    {
        "code": "IE",
        "name": "Ireland",
        "i": 104
    },
    {
        "code": "IM",
        "name": "Isle Of Man",
        "i": 105
    },
    {
        "code": "IL",
        "name": "Israel",
        "i": 106
    },
    {
        "code": "IT",
        "name": "Italy",
        "i": 107
    },
    {
        "code": "JM",
        "name": "Jamaica",
        "i": 108
    },
    {
        "code": "JP",
        "name": "Japan",
        "i": 109
    },
    {
        "code": "JE",
        "name": "Jersey",
        "i": 110
    },
    {
        "code": "JO",
        "name": "Jordan",
        "i": 111
    },
    {
        "code": "KZ",
        "name": "Kazakhstan",
        "i": 112
    },
    {
        "code": "KE",
        "name": "Kenya",
        "i": 113
    },
    {
        "code": "KI",
        "name": "Kiribati",
        "i": 114
    },
    {
        "code": "KR",
        "name": "Korea",
        "i": 115
    },
    {
        "code": "KW",
        "name": "Kuwait",
        "i": 116
    },
    {
        "code": "KG",
        "name": "Kyrgyzstan",
        "i": 117
    },
    {
        "code": "LA",
        "name": "Lao People's Democratic Republic",
        "i": 118
    },
    {
        "code": "LV",
        "name": "Latvia",
        "i": 119
    },
    {
        "code": "LB",
        "name": "Lebanon",
        "i": 120
    },
    {
        "code": "LS",
        "name": "Lesotho",
        "i": 121
    },
    {
        "code": "LR",
        "name": "Liberia",
        "i": 122
    },
    {
        "code": "LY",
        "name": "Libyan Arab Jamahiriya",
        "i": 123
    },
    {
        "code": "LI",
        "name": "Liechtenstein",
        "i": 124
    },
    {
        "code": "LT",
        "name": "Lithuania",
        "i": 125
    },
    {
        "code": "LU",
        "name": "Luxembourg",
        "i": 126
    },
    {
        "code": "MO",
        "name": "Macao",
        "i": 127
    },
    {
        "code": "MK",
        "name": "Macedonia",
        "i": 128
    },
    {
        "code": "MG",
        "name": "Madagascar",
        "i": 129
    },
    {
        "code": "MW",
        "name": "Malawi",
        "i": 130
    },
    {
        "code": "MY",
        "name": "Malaysia",
        "i": 131
    },
    {
        "code": "MV",
        "name": "Maldives",
        "i": 132
    },
    {
        "code": "ML",
        "name": "Mali",
        "i": 133
    },
    {
        "code": "MT",
        "name": "Malta",
        "i": 134
    },
    {
        "code": "MH",
        "name": "Marshall Islands",
        "i": 135
    },
    {
        "code": "MQ",
        "name": "Martinique",
        "i": 136
    },
    {
        "code": "MR",
        "name": "Mauritania",
        "i": 137
    },
    {
        "code": "MU",
        "name": "Mauritius",
        "i": 138
    },
    {
        "code": "YT",
        "name": "Mayotte",
        "i": 139
    },
    {
        "code": "MX",
        "name": "Mexico",
        "i": 140
    },
    {
        "code": "FM",
        "name": "Micronesia}, Federated States Of",
        "i": 141
    },
    {
        "code": "MD",
        "name": "Moldova",
        "i": 142
    },
    {
        "code": "MC",
        "name": "Monaco",
        "i": 143
    },
    {
        "code": "MN",
        "name": "Mongolia",
        "i": 144
    },
    {
        "code": "ME",
        "name": "Montenegro",
        "i": 145
    },
    {
        "code": "MS",
        "name": "Montserrat",
        "i": 146
    },
    {
        "code": "MA",
        "name": "Morocco",
        "i": 147
    },
    {
        "code": "MZ",
        "name": "Mozambique",
        "i": 148
    },
    {
        "code": "MM",
        "name": "Myanmar",
        "i": 149
    },
    {
        "code": "NA",
        "name": "Namibia",
        "i": 150
    },
    {
        "code": "NR",
        "name": "Nauru",
        "i": 151
    },
    {
        "code": "NP",
        "name": "Nepal",
        "i": 152
    },
    {
        "code": "NL",
        "name": "Netherlands",
        "i": 153
    },
    {
        "code": "AN",
        "name": "Netherlands Antilles",
        "i": 154
    },
    {
        "code": "NC",
        "name": "New Caledonia",
        "i": 155
    },
    {
        "code": "NZ",
        "name": "New Zealand",
        "i": 156
    },
    {
        "code": "NI",
        "name": "Nicaragua",
        "i": 157
    },
    {
        "code": "NE",
        "name": "Niger",
        "i": 158
    },
    {
        "code": "NG",
        "name": "Nigeria",
        "i": 159
    },
    {
        "code": "NU",
        "name": "Niue",
        "i": 160
    },
    {
        "code": "NF",
        "name": "Norfolk Island",
        "i": 161
    },
    {
        "code": "MP",
        "name": "Northern Mariana Islands",
        "i": 162
    },
    {
        "code": "NO",
        "name": "Norway",
        "i": 163
    },
    {
        "code": "OM",
        "name": "Oman",
        "i": 164
    },
    {
        "code": "PK",
        "name": "Pakistan",
        "i": 165
    },
    {
        "code": "PW",
        "name": "Palau",
        "i": 166
    },
    {
        "code": "PS",
        "name": "Palestinian Territory, Occupied",
        "i": 167
    },
    {
        "code": "PA",
        "name": "Panama",
        "i": 168
    },
    {
        "code": "PG",
        "name": "Papua New Guinea",
        "i": 169
    },
    {
        "code": "PY",
        "name": "Paraguay",
        "i": 170
    },
    {
        "code": "PE",
        "name": "Peru",
        "i": 171
    },
    {
        "code": "PH",
        "name": "Philippines",
        "i": 172
    },
    {
        "code": "PN",
        "name": "Pitcairn",
        "i": 173
    },
    {
        "code": "PL",
        "name": "Poland",
        "i": 174
    },
    {
        "code": "PT",
        "name": "Portugal",
        "i": 175
    },
    {
        "code": "PR",
        "name": "Puerto Rico",
        "i": 176
    },
    {
        "code": "QA",
        "name": "Qatar",
        "i": 177
    },
    {
        "code": "RE",
        "name": "Reunion",
        "i": 178
    },
    {
        "code": "RO",
        "name": "Romania",
        "i": 179
    },
    {
        "code": "RU",
        "name": "Russian Federation",
        "i": 180
    },
    {
        "code": "RW",
        "name": "Rwanda",
        "i": 181
    },
    {
        "code": "BL",
        "name": "Saint Barthelemy",
        "i": 182
    },
    {
        "code": "SH",
        "name": "Saint Helena",
        "i": 183
    },
    {
        "code": "KN",
        "name": "Saint Kitts And Nevis",
        "i": 184
    },
    {
        "code": "LC",
        "name": "Saint Lucia",
        "i": 185
    },
    {
        "code": "MF",
        "name": "Saint Martin",
        "i": 186
    },
    {
        "code": "PM",
        "name": "Saint Pierre And Miquelon",
        "i": 187
    },
    {
        "code": "VC",
        "name": "Saint Vincent And Grenadines",
        "i": 188
    },
    {
        "code": "WS",
        "name": "Samoa",
        "i": 189
    },
    {
        "code": "SM",
        "name": "San Marino",
        "i": 190
    },
    {
        "code": "ST",
        "name": "Sao Tome And Principe",
        "i": 191
    },
    {
        "code": "SA",
        "name": "Saudi Arabia",
        "i": 192
    },
    {
        "code": "SN",
        "name": "Senegal",
        "i": 193
    },
    {
        "code": "RS",
        "name": "Serbia",
        "i": 194
    },
    {
        "code": "SC",
        "name": "Seychelles",
        "i": 195
    },
    {
        "code": "SL",
        "name": "Sierra Leone",
        "i": 196
    },
    {
        "code": "SG",
        "name": "Singapore",
        "i": 197
    },
    {
        "code": "SK",
        "name": "Slovakia",
        "i": 198
    },
    {
        "code": "SI",
        "name": "Slovenia",
        "i": 199
    },
    {
        "code": "SB",
        "name": "Solomon Islands",
        "i": 200
    },
    {
        "code": "SO",
        "name": "Somalia",
        "i": 201
    },
    {
        "code": "ZA",
        "name": "South Africa",
        "i": 202
    },
    {
        "code": "GS",
        "name": "South Georgia And Sandwich Isl.",
        "i": 203
    },
    {
        "code": "ES",
        "name": "Spain",
        "i": 204
    },
    {
        "code": "LK",
        "name": "Sri Lanka",
        "i": 205
    },
    {
        "code": "SD",
        "name": "Sudan",
        "i": 206
    },
    {
        "code": "SR",
        "name": "Suriname",
        "i": 207
    },
    {
        "code": "SJ",
        "name": "Svalbard And Jan Mayen",
        "i": 208
    },
    {
        "code": "SZ",
        "name": "Swaziland",
        "i": 209
    },
    {
        "code": "SE",
        "name": "Sweden",
        "i": 210
    },
    {
        "code": "CH",
        "name": "Switzerland",
        "i": 211
    },
    {
        "code": "SY",
        "name": "Syrian Arab Republic",
        "i": 212
    },
    {
        "code": "TW",
        "name": "Taiwan",
        "i": 213
    },
    {
        "code": "TJ",
        "name": "Tajikistan",
        "i": 214
    },
    {
        "code": "TZ",
        "name": "Tanzania",
        "i": 215
    },
    {
        "code": "TH",
        "name": "Thailand",
        "i": 216
    },
    {
        "code": "TL",
        "name": "Timor-Leste",
        "i": 217
    },
    {
        "code": "TG",
        "name": "Togo",
        "i": 218
    },
    {
        "code": "TK",
        "name": "Tokelau",
        "i": 219
    },
    {
        "code": "TO",
        "name": "Tonga",
        "i": 220
    },
    {
        "code": "TT",
        "name": "Trinidad And Tobago",
        "i": 221
    },
    {
        "code": "TN",
        "name": "Tunisia",
        "i": 222
    },
    {
        "code": "TR",
        "name": "Turkey",
        "i": 223
    },
    {
        "code": "TM",
        "name": "Turkmenistan",
        "i": 224
    },
    {
        "code": "TC",
        "name": "Turks And Caicos Islands",
        "i": 225
    },
    {
        "code": "TV",
        "name": "Tuvalu",
        "i": 226
    },
    {
        "code": "UG",
        "name": "Uganda",
        "i": 227
    },
    {
        "code": "UA",
        "name": "Ukraine",
        "i": 228
    },
    {
        "code": "AE",
        "name": "United Arab Emirates",
        "i": 229
    },
    {
        "code": "GB",
        "name": "United Kingdom",
        "i": 230
    },
    {
        "code": "US",
        "name": "United States",
        "i": 231
    },
    {
        "code": "UM",
        "name": "United States Outlying Islands",
        "i": 232
    },
    {
        "code": "UY",
        "name": "Uruguay",
        "i": 233
    },
    {
        "code": "UZ",
        "name": "Uzbekistan",
        "i": 234
    },
    {
        "code": "VU",
        "name": "Vanuatu",
        "i": 235
    },
    {
        "code": "VE",
        "name": "Venezuela",
        "i": 236
    },
    {
        "code": "VN",
        "name": "Vietnam",
        "i": 237
    },
    {
        "code": "VG",
        "name": "Virgin Islands, British",
        "i": 238
    },
    {
        "code": "VI",
        "name": "Virgin Islands, U.S.",
        "i": 239
    },
    {
        "code": "WF",
        "name": "Wallis And Futuna",
        "i": 240
    },
    {
        "code": "EH",
        "name": "Western Sahara",
        "i": 241
    },
    {
        "code": "YE",
        "name": "Yemen",
        "i": 242
    },
    {
        "code": "ZM",
        "name": "Zambia",
        "i": 243
    },
    {
        "code": "ZW",
        "name": "Zimbabwe",
        "i": 244
    },
    {
        "code": "KP",
        "name": "North Korea",
        "i": 245
    },
    {
        "code": "SS",
        "name": "South Sudan",
        "i": 246
    },
    {
        "code": "XK",
        "name": "Kosovo",
        "i": 247
    },
    {
        "code": "CW",
        "name": "Curaçao",
        "i": 248
    },
    {
        "code": "XG",
        "name": "Palestine",
        "i": 249
    },
    {
        "code": "XW",
        "name": "Palestine",
        "i": 250
    },
    {
        "code": "SX",
        "name": "Sint Maarten",
        "i": 251
    },
    {
        "code": "XR",
        "name": "Svalbard",
        "i": 252
    }
]